Final Scores,Passed
92,1
78,1
75,1
57,0
78,1
26,0
30,0
7,0
34,0
39,0
80,1
5,0
92,1
44,0
32,0
95,1
73,1
34,0
81,1
46,0
3,0
98,1
48,0
99,1
74,1
74,1
2,0
38,0
97,1
87,1
94,1
17,0
99,1
42,0
21,0
94,1
30,0
67,0
79,1
64,0
74,1
61,0
97,1
39,0
100,1
72,1
50,0
33,0
97,1
86,1
77,1
75,1
97,1
84,1
53,0
70,1
80,1
18,0
57,0
87,1
93,1
19,0
99,1
95,1
41,0
96,1
32,0
14,0
95,1
96,1
71,1
41,0
83,1
89,1
51,0
94,1
52,0
36,0
42,0
42,0
90,1
90,1
16,0
32,0
0,0
100,1
55,0
70,1
97,1
8,0
31,0
7,0
3,0
95,1
100,1
38,0
23,0
11,0
94,1
5,0
43,0
90,1
24,0
46,0
84,1
91,1
32,0
9,0
16,0
74,1
15,0
4,0
21,0
8,0
74,1
78,1
70,1
89,1
76,1
79,1
83,1
25,0
78,1
81,1
2,0
61,0
53,0
72,1
3,0
100,1
78,1
92,1
20,0
83,1
71,1
84,1
24,0
20,0
81,1
18,0
97,1
53,0
92,1
72,1
53,0
100,1
17,0
0,0
72,1
95,1
51,0
100,1
5,0
88,1
24,0
26,0
17,0
95,1
80,1
52,0
11,0
71,1
4,0
85,1
78,1
24,0
83,1
21,0
38,0
7,0
73,1
88,1
69,0
90,1
75,1
8,0
73,1
14,0
0,0
7,0
13,0
93,1
60,0
15,0
53,0
70,1
76,1
1,0
88,1
78,1
96,1
90,1
73,1
76,1
86,1
98,1
0,0
32,0
34,0
91,1
80,1
90,1
56,0
19,0
49,0
88,1
99,1
71,1
92,1
39,0
82,1
61,0
86,1
53,0
97,1
83,1
69,0
7,0
14,0
100,1
86,1
18,0
82,1
77,1
38,0
18,0
10,0
78,1
99,1
35,0
70,1
74,1
99,1
19,0
57,0
87,1
50,0
81,1
61,0
98,1
81,1
79,1
95,1
79,1
86,1
84,1
81,1
14,0
84,1
98,1
73,1
70,1
50,0
76,1
60,0
53,0
81,1
20,0
45,0
96,1
54,0
76,1
17,0
12,0
60,0
95,1
90,1
91,1
96,1
25,0
44,0
22,0
79,1
96,1
73,1
75,1
41,0
76,1
13,0
95,1
98,1
90,1
30,0
13,0
55,0
85,1
70,1
86,1
28,0
98,1
44,0
92,1
67,0
45,0
100,1
99,1
81,1
43,0
5,0
93,1
59,0
0,0
21,0
80,1
41,0
63,0
76,1
26,0
59,0
97,1
97,1
82,1
81,1
8,0
41,0
95,1
79,1
31,0
51,0
90,1
38,0
72,1
53,0
34,0
95,1
78,1
100,1
78,1
98,1
68,0
27,0
83,1
69,0
93,1
97,1
76,1
87,1
58,0
50,0
31,0
8,0
32,0
50,0
68,0
58,0
56,0
17,0
29,0
78,1
92,1
25,0
49,0
75,1
75,1
60,0
79,1
55,0
77,1
94,1
82,1
97,1
82,1
60,0
74,1
59,0
72,1
93,1
4,0
90,1
8,0
17,0
97,1
26,0
17,0
79,1
82,1
31,0
13,0
99,1
80,1
76,1
17,0
84,1
89,1
79,1
93,1
77,1
39,0
98,1
19,0
92,1
61,0
52,0
66,0
59,0
24,0
19,0
21,0
16,0
95,1
89,1
34,0
93,1
15,0
11,0
6,0
70,1
59,0
22,0
68,0
79,1
23,0
100,1
22,0
85,1
5,0
43,0
81,1
61,0
63,0
60,0
76,1
100,1
99,1
15,0
28,0
85,1
32,0
79,1
89,1
90,1
48,0
58,0
56,0
17,0
71,1
87,1
88,1
78,1
71,1
1,0
55,0
66,0
77,1
78,1
2,0
16,0
77,1
73,1
35,0
80,1
80,1
92,1
33,0
100,1
13,0
17,0
7,0
85,1
1,0
93,1
95,1
78,1
39,0
43,0
27,0
7,0
87,1
23,0
22,0
60,0
79,1
33,0
15,0
66,0
31,0
55,0
92,1
47,0
76,1
34,0
86,1
28,0
70,1
42,0
28,0
80,1
81,1
9,0
85,1
21,0
30,0
72,1
85,1
99,1
1,0
77,1
21,0
75,1
72,1
36,0
19,0
79,1
99,1
79,1
32,0
99,1
62,0
86,1
91,1
86,1
46,0
27,0
93,1
25,0
98,1
6,0
52,0
59,0
19,0
72,1
93,1
76,1
94,1
87,1
80,1
48,0
89,1
33,0
100,1
78,1
1,0
55,0
33,0
74,1
56,0
74,1
77,1
37,0
17,0
5,0
59,0
98,1
87,1
88,1
56,0
93,1
6,0
92,1
79,1
31,0
96,1
77,1
30,0
67,0
85,1
54,0
47,0
79,1
59,0
64,0
78,1
24,0
44,0
54,0
96,1
47,0
90,1
24,0
45,0
31,0
44,0
62,0
55,0
15,0
28,0
87,1
57,0
27,0
72,1
82,1
17,0
34,0
0,0
2,0
86,1
77,1
32,0
71,1
33,0
80,1
53,0
63,0
45,0
52,0
49,0
6,0
94,1
74,1
97,1
70,1
82,1
57,0
48,0
85,1
56,0
13,0
92,1
86,1
44,0
7,0
59,0
11,0
82,1
55,0
64,0
88,1
86,1
85,1
73,1
83,1
71,1
14,0
0,0
87,1
61,0
58,0
6,0
45,0
48,0
74,1
3,0
79,1
48,0
44,0
83,1
40,0
73,1
48,0
76,1
42,0
73,1
16,0
51,0
26,0
100,1
37,0
69,0
93,1
7,0
94,1
15,0
29,0
33,0
30,0
2,0
92,1
32,0
89,1
92,1
42,0
44,0
75,1
79,1
65,0
70,1
30,0
91,1
40,0
13,0
13,0
69,0
80,1
9,0
86,1
56,0
37,0
80,1
6,0
75,1
51,0
99,1
82,1
58,0
99,1
70,1
46,0
22,0
29,0
75,1
73,1
12,0
93,1
77,1
42,0
83,1
49,0
44,0
84,1
42,0
94,1
65,0
33,0
83,1
41,0
65,0
78,1
92,1
98,1
66,0
64,0
98,1
36,0
74,1
27,0
12,0
86,1
58,0
100,1
3,0
79,1
91,1
15,0
66,0
89,1
32,0
67,0
66,0
53,0
93,1
53,0
40,0
82,1
100,1
0,0
45,0
94,1
73,1
64,0
78,1
57,0
26,0
80,1
9,0
16,0
85,1
16,0
15,0
82,1
80,1
16,0
72,1
69,0
53,0
43,0
79,1
54,0
76,1
100,1
7,0
30,0
67,0
80,1
76,1
30,0
39,0
71,1
17,0
71,1
40,0
11,0
17,0
12,0
2,0
37,0
74,1
10,0
57,0
43,0
75,1
86,1
80,1
93,1
68,0
4,0
2,0
9,0
95,1
81,1
81,1
70,1
42,0
46,0
98,1
91,1
1,0
76,1
84,1
73,1
95,1
75,1
94,1
37,0
19,0
91,1
85,1
31,0
58,0
57,0
6,0
98,1
80,1
98,1
73,1
17,0
98,1
29,0
40,0
55,0
21,0
36,0
7,0
60,0
77,1
91,1
60,0
36,0
76,1
85,1
44,0
15,0
84,1
7,0
74,1
99,1
43,0
9,0
28,0
86,1
74,1
53,0
85,1
19,0
22,0
66,0
98,1
70,1
79,1
80,1
22,0
2,0
98,1
36,0
30,0
79,1
96,1
41,0
73,1
85,1
32,0
81,1
59,0
92,1
7,0
96,1
91,1
72,1
52,0
97,1
93,1
77,1
12,0
21,0
73,1
69,0
78,1
47,0
11,0
62,0
82,1
67,0
39,0
74,1
10,0
89,1
49,0
70,1
11,0
47,0
57,0
33,0
31,0
72,1
95,1
79,1
26,0
21,0
6,0
90,1
21,0
75,1
95,1
93,1
83,1
98,1
77,1
91,1
92,1
74,1
28,0
22,0
58,0
26,0
30,0
64,0
79,1
82,1
56,0
94,1
85,1
70,1
99,1
82,1
85,1
41,0
35,0
64,0
93,1
86,1
100,1
10,0
44,0
59,0
44,0
91,1
83,1
89,1
28,0
83,1
55,0
94,1
84,1
21,0
22,0
5,0
74,1
40,0
82,1
86,1
55,0
81,1
87,1
78,1
0,0
57,0
77,1
27,0
100,1
78,1
71,1
89,1
71,1
36,0
86,1
91,1
49,0
3,0
76,1
18,0
8,0
5,0
51,0
65,0
95,1
78,1
75,1
4,0
41,0
87,1
68,0
73,1
92,1
94,1
34,0
53,0
49,0
9,0
91,1
83,1
98,1
74,1
97,1
8,0
91,1
92,1
41,0
16,0
96,1
35,0
92,1
72,1
2,0
19,0
62,0
82,1
97,1
78,1
74,1
86,1
46,0
74,1
2,0
99,1
99,1
84,1
49,0
5,0
43,0
35,0
85,1
51,0
82,1
64,0
44,0
96,1
67,0
55,0
54,0
70,1
67,0
72,1
57,0
91,1
10,0
74,1
72,1
94,1
71,1
86,1
11,0
66,0
78,1
63,0
46,0
38,0
34,0
64,0
74,1
70,1
86,1
65,0
51,0
44,0
6,0
83,1
23,0
61,0
1,0
33,0
28,0
76,1
47,0
22,0
73,1
76,1
2,0
80,1
83,1
9,0
87,1
73,1
94,1
80,1
31,0
44,0
54,0
98,1
71,1
36,0
78,1
87,1
66,0
36,0
16,0
57,0
47,0
53,0
38,0
73,1
79,1
51,0
97,1
86,1
16,0
85,1
64,0
4,0
98,1
94,1
41,0
94,1
29,0
31,0
35,0
79,1
2,0
20,0
95,1
10,0
75,1
45,0
51,0
80,1
88,1
10,0
81,1
79,1
5,0
79,1
26,0
52,0
70,1
29,0
82,1
79,1
44,0
68,0
85,1
91,1
39,0
89,1
76,1
99,1
100,1
64,0
10,0
67,0
90,1
100,1
51,0
70,1
61,0
35,0
91,1
71,1
87,1
45,0
85,1
38,0
57,0
31,0
40,0
84,1
62,0
78,1
78,1
75,1
38,0
90,1
15,0
87,1
77,1
81,1
80,1
100,1
49,0
94,1
62,0
15,0
38,0
53,0
12,0
76,1
63,0
23,0
33,0
48,0
18,0
64,0
84,1
4,0
74,1
61,0
36,0
62,0
8,0
93,1
90,1
7,0
75,1
81,1
40,0
11,0
93,1
14,0
70,1
70,1
88,1
75,1
50,0
74,1
80,1
48,0
14,0
2,0
52,0
94,1
21,0
82,1
44,0
31,0
72,1
88,1
92,1
94,1
77,1
87,1
26,0
59,0
74,1
57,0
76,1
26,0
85,1
2,0
86,1
71,1
71,1
80,1
66,0
14,0
97,1
93,1
58,0
73,1
44,0
89,1
18,0
0,0
78,1
2,0
91,1
49,0
34,0
17,0
5,0
6,0
21,0
88,1
38,0
41,0
57,0
100,1
14,0
60,0
63,0
73,1
72,1
62,0
46,0
4,0
82,1
23,0
88,1
90,1
50,0
39,0
100,1
1,0
95,1
75,1
24,0
9,0
76,1
94,1
85,1
51,0
75,1
79,1
57,0
0,0
88,1
39,0
91,1
44,0
87,1
56,0
57,0
85,1
79,1
69,0
22,0
99,1
81,1
83,1
95,1
18,0
81,1
72,1
97,1
82,1
82,1
80,1
40,0
84,1
97,1
56,0
3,0
50,0
1,0
98,1
18,0
35,0
4,0
75,1
35,0
86,1
20,0
51,0
85,1
8,0
65,0
63,0
57,0
75,1
72,1
80,1
0,0
53,0
69,0
88,1
37,0
98,1
72,1
88,1
95,1
24,0
79,1
31,0
98,1
97,1
49,0
59,0
6,0
93,1
56,0
68,0
92,1
87,1
97,1
12,0
96,1
76,1
2,0
99,1
70,1
90,1
68,0
81,1
0,0
40,0
85,1
72,1
56,0
22,0
17,0
92,1
8,0
82,1
44,0
45,0
91,1
99,1
72,1
96,1
96,1
95,1
46,0
17,0
52,0
51,0
45,0
90,1
3,0
81,1
55,0
31,0
17,0
89,1
53,0
39,0
78,1
77,1
80,1
86,1
78,1
45,0
33,0
19,0
70,1
91,1
28,0
98,1
15,0
63,0
50,0
21,0
42,0
44,0
88,1
69,0
83,1
0,0
42,0
94,1
95,1
89,1
30,0
4,0
54,0
22,0
68,0
97,1
31,0
85,1
58,0
72,1
83,1
89,1
43,0
81,1
81,1
72,1
9,0
95,1
56,0
87,1
1,0
95,1
71,1
70,1
88,1
96,1
93,1
91,1
91,1
99,1
68,0
62,0
100,1
70,1
75,1
71,1
75,1
3,0
69,0
11,0
85,1
16,0
72,1
85,1
95,1
64,0
94,1
17,0
92,1
70,1
74,1
19,0
55,0
68,0
38,0
8,0
57,0
63,0
14,0
14,0
60,0
13,0
98,1
70,1
37,0
69,0
53,0
79,1
85,1
11,0
93,1
84,1
52,0
10,0
96,1
67,0
69,0
42,0
68,0
93,1
94,1
36,0
78,1
37,0
22,0
6,0
56,0
82,1
87,1
81,1
28,0
40,0
98,1
94,1
69,0
62,0
95,1
62,0
43,0
70,1
88,1
92,1
89,1
95,1
55,0
75,1
39,0
9,0
82,1
90,1
94,1
12,0
49,0
33,0
72,1
37,0
22,0
77,1
75,1
86,1
69,0
14,0
75,1
62,0
24,0
77,1
58,0
57,0
64,0
7,0
85,1
90,1
74,1
50,0
92,1
74,1
67,0
18,0
42,0
2,0
93,1
76,1
1,0
59,0
16,0
65,0
82,1
4,0
42,0
34,0
31,0
50,0
94,1
87,1
64,0
79,1
84,1
37,0
65,0
80,1
84,1
42,0
67,0
99,1
75,1
57,0
91,1
69,0
77,1
85,1
76,1
17,0
79,1
63,0
61,0
74,1
44,0
94,1
75,1
70,1
48,0
70,1
47,0
30,0
12,0
2,0
12,0
4,0
76,1
83,1
79,1
19,0
76,1
96,1
36,0
14,0
66,0
77,1
95,1
3,0
43,0
17,0
37,0
70,1
15,0
92,1
12,0
63,0
70,1
2,0
46,0
52,0
98,1
77,1
32,0
77,1
36,0
26,0
79,1
59,0
74,1
78,1
45,0
31,0
79,1
93,1
85,1
87,1
23,0
86,1
10,0
43,0
95,1
21,0
88,1
42,0
100,1
37,0
83,1
98,1
85,1
60,0
34,0
53,0
9,0
98,1
74,1
45,0
86,1
90,1
19,0
57,0
40,0
31,0
71,1
23,0
56,0
97,1
41,0
86,1
80,1
77,1
37,0
21,0
15,0
57,0
94,1
99,1
28,0
70,1
2,0
6,0
2,0
4,0
78,1
85,1
72,1
97,1
46,0
30,0
85,1
65,0
73,1
83,1
43,0
76,1
35,0
27,0
37,0
3,0
84,1
81,1
28,0
59,0
60,0
45,0
50,0
89,1
94,1
79,1
70,1
93,1
71,1
67,0
96,1
56,0
35,0
83,1
87,1
70,1
56,0
58,0
83,1
49,0
65,0
40,0
73,1
37,0
86,1
34,0
20,0
3,0
85,1
73,1
87,1
92,1
53,0
75,1
2,0
26,0
24,0
89,1
97,1
77,1
81,1
88,1
97,1
89,1
15,0
50,0
8,0
79,1
39,0
99,1
81,1
83,1
51,0
54,0
99,1
89,1
63,0
16,0
14,0
28,0
95,1
1,0
54,0
50,0
80,1
62,0
46,0
49,0
77,1
96,1
18,0
22,0
61,0
84,1
40,0
26,0
100,1
71,1
73,1
93,1
95,1
98,1
55,0
26,0
72,1
93,1
43,0
94,1
87,1
21,0
91,1
76,1
20,0
28,0
61,0
85,1
27,0
2,0
55,0
70,1
23,0
8,0
56,0
33,0
5,0
42,0
90,1
94,1
10,0
31,0
89,1
57,0
98,1
20,0
26,0
3,0
96,1
77,1
59,0
59,0
72,1
12,0
71,1
75,1
34,0
3,0
79,1
21,0
28,0
76,1
85,1
8,0
73,1
94,1
79,1
49,0
90,1
45,0
73,1
43,0
27,0
84,1
61,0
64,0
75,1
98,1
1,0
77,1
25,0
9,0
81,1
98,1
90,1
44,0
82,1
95,1
81,1
7,0
94,1
91,1
88,1
64,0
49,0
74,1
81,1
7,0
41,0
85,1
62,0
97,1
30,0
87,1
73,1
14,0
75,1
73,1
96,1
44,0
18,0
50,0
44,0
34,0
79,1
96,1
88,1
11,0
74,1
72,1
30,0
32,0
71,1
86,1
77,1
77,1
83,1
76,1
81,1
69,0
61,0
60,0
24,0
90,1
10,0
58,0
63,0
74,1
40,0
45,0
66,0
59,0
90,1
11,0
35,0
51,0
53,0
69,0
88,1
80,1
15,0
47,0
38,0
81,1
79,1
10,0
52,0
77,1
55,0
88,1
38,0
93,1
88,1
100,1
86,1
37,0
96,1
60,0
56,0
70,1
6,0
96,1
100,1
85,1
20,0
90,1
16,0
38,0
27,0
78,1
34,0
43,0
89,1
99,1
27,0
88,1
31,0
45,0
13,0
67,0
34,0
57,0
66,0
80,1
71,1
87,1
38,0
53,0
83,1
7,0
69,0
11,0
85,1
92,1
98,1
70,1
76,1
81,1
77,1
46,0
49,0
90,1
47,0
95,1
78,1
71,1
26,0
83,1
30,0
77,1
63,0
47,0
15,0
35,0
81,1
24,0
67,0
7,0
71,1
81,1
45,0
84,1
97,1
79,1
94,1
96,1
2,0
43,0
26,0
41,0
23,0
58,0
99,1
71,1
95,1
9,0
82,1
15,0
72,1
18,0
72,1
12,0
91,1
36,0
96,1
98,1
88,1
70,1
56,0
67,0
99,1
98,1
27,0
61,0
39,0
42,0
85,1
47,0
22,0
17,0
99,1
93,1
42,0
95,1
97,1
79,1
62,0
91,1
100,1
79,1
9,0
80,1
34,0
73,1
85,1
76,1
82,1
66,0
52,0
40,0
75,1
6,0
64,0
29,0
58,0
55,0
63,0
29,0
8,0
42,0
91,1
98,1
38,0
9,0
94,1
86,1
80,1
100,1
80,1
28,0
59,0
22,0
87,1
2,0
91,1
98,1
56,0
88,1
69,0
47,0
100,1
34,0
71,1
0,0
94,1
62,0
68,0
82,1
97,1
67,0
67,0
74,1
91,1
75,1
57,0
73,1
87,1
97,1
72,1
38,0
76,1
67,0
45,0
76,1
60,0
63,0
29,0
38,0
22,0
13,0
74,1
46,0
90,1
5,0
97,1
21,0
49,0
86,1
40,0
84,1
86,1
54,0
24,0
12,0
100,1
43,0
96,1
94,1
52,0
23,0
80,1
70,1
86,1
62,0
77,1
100,1
63,0
32,0
66,0
100,1
13,0
77,1
3,0
23,0
4,0
44,0
60,0
96,1
86,1
12,0
44,0
99,1
85,1
75,1
95,1
9,0
62,0
95,1
4,0
97,1
32,0
18,0
23,0
97,1
94,1
67,0
26,0
36,0
83,1
82,1
46,0
94,1
57,0
90,1
6,0
96,1
41,0
62,0
49,0
84,1
78,1
27,0
97,1
94,1
93,1
72,1
68,0
7,0
74,1
70,1
0,0
31,0
71,1
85,1
82,1
38,0
72,1
100,1
78,1
73,1
18,0
30,0
51,0
1,0
60,0
36,0
81,1
70,1
37,0
19,0
91,1
75,1
90,1
100,1
8,0
5,0
34,0
19,0
46,0
86,1
91,1
48,0
19,0
75,1
79,1
79,1
74,1
73,1
96,1
14,0
26,0
78,1
86,1
55,0
56,0
32,0
46,0
91,1
93,1
65,0
80,1
23,0
78,1
25,0
17,0
84,1
96,1
13,0
45,0
85,1
13,0
42,0
98,1
28,0
66,0
9,0
51,0
13,0
65,0
46,0
43,0
57,0
76,1
94,1
80,1
31,0
70,1
95,1
89,1
78,1
54,0
77,1
37,0
78,1
81,1
22,0
26,0
54,0
78,1
16,0
28,0
9,0
44,0
10,0
70,1
78,1
69,0
86,1
98,1
97,1
71,1
74,1
81,1
54,0
75,1
32,0
95,1
48,0
0,0
22,0
28,0
38,0
16,0
66,0
32,0
51,0
93,1
57,0
17,0
26,0
100,1
37,0
90,1
19,0
81,1
82,1
87,1
97,1
88,1
39,0
97,1
20,0
72,1
69,0
86,1
8,0
88,1
74,1
76,1
98,1
37,0
81,1
30,0
91,1
74,1
74,1
56,0
31,0
93,1
86,1
43,0
11,0
70,1
52,0
87,1
92,1
97,1
95,1
71,1
77,1
81,1
51,0
18,0
63,0
23,0
14,0
64,0
75,1
7,0
0,0
61,0
80,1
77,1
43,0
72,1
80,1
89,1
31,0
4,0
82,1
40,0
78,1
83,1
71,1
18,0
71,1
86,1
56,0
39,0
96,1
96,1
89,1
72,1
44,0
83,1
56,0
2,0
95,1
86,1
38,0
40,0
56,0
100,1
84,1
45,0
84,1
68,0
30,0
100,1
0,0
67,0
89,1
48,0
56,0
43,0
73,1
90,1
90,1
81,1
28,0
47,0
19,0
58,0
80,1
87,1
16,0
4,0
27,0
44,0
50,0
84,1
75,1
44,0
48,0
93,1
86,1
51,0
89,1
85,1
72,1
64,0
77,1
95,1
20,0
74,1
0,0
78,1
73,1
27,0
33,0
69,0
83,1
73,1
41,0
74,1
50,0
75,1
28,0
15,0
99,1
95,1
64,0
93,1
86,1
72,1
48,0
18,0
40,0
99,1
5,0
85,1
60,0
23,0
57,0
62,0
13,0
23,0
58,0
99,1
83,1
100,1
57,0
45,0
83,1
80,1
85,1
68,0
70,1
2,0
38,0
51,0
42,0
71,1
22,0
38,0
47,0
81,1
96,1
79,1
33,0
46,0
100,1
75,1
75,1
58,0
14,0
19,0
74,1
84,1
76,1
47,0
99,1
48,0
91,1
76,1
86,1
29,0
25,0
86,1
100,1
36,0
87,1
79,1
65,0
98,1
99,1
8,0
8,0
46,0
97,1
80,1
42,0
99,1
47,0
93,1
28,0
78,1
75,1
71,1
93,1
11,0
37,0
65,0
24,0
11,0
24,0
98,1
17,0
9,0
68,0
70,1
96,1
44,0
42,0
54,0
88,1
70,1
86,1
31,0
48,0
4,0
77,1
32,0
18,0
75,1
37,0
10,0
70,1
97,1
81,1
1,0
98,1
69,0
72,1
84,1
74,1
43,0
82,1
40,0
32,0
82,1
37,0
52,0
33,0
53,0
42,0
67,0
76,1
21,0
92,1
94,1
33,0
29,0
67,0
92,1
80,1
39,0
96,1
72,1
47,0
79,1
86,1
69,0
77,1
83,1
63,0
24,0
88,1
7,0
83,1
99,1
85,1
13,0
6,0
51,0
99,1
8,0
92,1
48,0
2,0
50,0
83,1
75,1
29,0
5,0
95,1
100,1
92,1
16,0
73,1
33,0
65,0
2,0
81,1
67,0
75,1
10,0
73,1
92,1
31,0
79,1
78,1
39,0
42,0
2,0
34,0
0,0
80,1
3,0
100,1
9,0
75,1
68,0
79,1
98,1
80,1
35,0
57,0
38,0
47,0
81,1
19,0
54,0
59,0
51,0
96,1
96,1
95,1
30,0
44,0
73,1
12,0
36,0
41,0
80,1
70,1
82,1
40,0
39,0
52,0
70,1
6,0
7,0
30,0
96,1
76,1
92,1
46,0
77,1
9,0
57,0
88,1
34,0
34,0
81,1
63,0
12,0
52,0
76,1
99,1
71,1
95,1
86,1
87,1
7,0
99,1
95,1
1,0
38,0
20,0
93,1
11,0
94,1
23,0
75,1
85,1
94,1
40,0
94,1
45,0
87,1
97,1
37,0
59,0
50,0
80,1
85,1
14,0
72,1
66,0
12,0
87,1
1,0
21,0
48,0
78,1
85,1
4,0
95,1
31,0
94,1
0,0
11,0
86,1
60,0
75,1
63,0
75,1
82,1
95,1
80,1
30,0
90,1
91,1
85,1
51,0
93,1
15,0
28,0
20,0
38,0
78,1
98,1
79,1
32,0
36,0
86,1
71,1
95,1
49,0
84,1
95,1
58,0
13,0
72,1
77,1
85,1
95,1
41,0
90,1
71,1
71,1
96,1
90,1
65,0
53,0
42,0
94,1
3,0
27,0
16,0
1,0
81,1
71,1
74,1
71,1
45,0
100,1
99,1
96,1
48,0
16,0
9,0
56,0
67,0
77,1
93,1
74,1
69,0
5,0
9,0
11,0
94,1
82,1
56,0
85,1
74,1
97,1
28,0
52,0
61,0
99,1
23,0
99,1
85,1
48,0
87,1
18,0
29,0
83,1
45,0
50,0
38,0
94,1
88,1
90,1
7,0
90,1
97,1
60,0
22,0
83,1
47,0
83,1
90,1
15,0
66,0
1,0
18,0
90,1
75,1
80,1
75,1
98,1
53,0
74,1
91,1
73,1
68,0
60,0
73,1
22,0
84,1
69,0
76,1
60,0
86,1
49,0
40,0
37,0
41,0
23,0
75,1
5,0
5,0
70,1
64,0
6,0
100,1
96,1
65,0
96,1
38,0
50,0
75,1
79,1
66,0
82,1
58,0
96,1
63,0
16,0
60,0
72,1
75,1
100,1
56,0
79,1
99,1
66,0
40,0
66,0
93,1
44,0
73,1
87,1
34,0
49,0
96,1
13,0
67,0
76,1
56,0
88,1
40,0
93,1
73,1
94,1
29,0
96,1
43,0
98,1
49,0
39,0
97,1
77,1
61,0
59,0
83,1
23,0
13,0
53,0
37,0
6,0
43,0
7,0
2,0
89,1
74,1
4,0
84,1
46,0
94,1
93,1
7,0
83,1
84,1
30,0
80,1
71,1
99,1
11,0
9,0
5,0
18,0
55,0
19,0
41,0
76,1
72,1
93,1
20,0
92,1
26,0
89,1
98,1
3,0
0,0
90,1
70,1
95,1
95,1
77,1
38,0
11,0
0,0
7,0
75,1
80,1
89,1
19,0
19,0
75,1
72,1
9,0
9,0
64,0
86,1
31,0
19,0
70,1
53,0
79,1
90,1
75,1
86,1
17,0
92,1
81,1
72,1
95,1
77,1
38,0
37,0
37,0
77,1
29,0
45,0
33,0
82,1
96,1
94,1
18,0
78,1
61,0
75,1
27,0
26,0
11,0
69,0
15,0
54,0
68,0
15,0
76,1
94,1
2,0
99,1
88,1
61,0
49,0
65,0
16,0
14,0
72,1
97,1
93,1
78,1
73,1
48,0
82,1
100,1
72,1
74,1
56,0
98,1
72,1
84,1
100,1
96,1
75,1
64,0
89,1
80,1
1,0
38,0
100,1
37,0
50,0
7,0
29,0
99,1
40,0
16,0
26,0
5,0
94,1
3,0
93,1
79,1
7,0
28,0
70,1
83,1
70,1
16,0
84,1
75,1
73,1
45,0
77,1
98,1
27,0
85,1
38,0
90,1
95,1
14,0
30,0
97,1
31,0
9,0
64,0
53,0
79,1
0,0
40,0
71,1
90,1
85,1
36,0
77,1
98,1
87,1
99,1
84,1
27,0
70,1
74,1
0,0
95,1
82,1
94,1
94,1
22,0
90,1
73,1
73,1
85,1
87,1
71,1
1,0
56,0
34,0
63,0
94,1
42,0
37,0
33,0
84,1
93,1
69,0
75,1
74,1
76,1
48,0
90,1
78,1
92,1
81,1
88,1
29,0
20,0
91,1
55,0
0,0
57,0
60,0
27,0
99,1
24,0
27,0
26,0
64,0
81,1
94,1
85,1
69,0
59,0
71,1
98,1
72,1
57,0
16,0
85,1
71,1
16,0
29,0
72,1
10,0
9,0
91,1
67,0
94,1
80,1
69,0
30,0
80,1
1,0
81,1
34,0
97,1
26,0
92,1
2,0
83,1
84,1
86,1
0,0
61,0
81,1
87,1
20,0
4,0
53,0
17,0
83,1
90,1
74,1
18,0
77,1
81,1
39,0
74,1
59,0
99,1
56,0
47,0
88,1
64,0
71,1
43,0
59,0
72,1
22,0
57,0
46,0
81,1
81,1
57,0
94,1
1,0
82,1
82,1
77,1
95,1
15,0
41,0
38,0
17,0
13,0
54,0
84,1
82,1
96,1
96,1
85,1
73,1
69,0
41,0
96,1
99,1
83,1
94,1
19,0
2,0
99,1
38,0
95,1
99,1
30,0
82,1
75,1
44,0
92,1
59,0
42,0
61,0
73,1
43,0
84,1
76,1
80,1
78,1
73,1
82,1
59,0
91,1
86,1
98,1
65,0
13,0
85,1
83,1
21,0
72,1
85,1
84,1
78,1
82,1
93,1
9,0
19,0
38,0
28,0
42,0
51,0
55,0
51,0
8,0
75,1
90,1
80,1
72,1
40,0
18,0
96,1
84,1
27,0
34,0
5,0
9,0
55,0
86,1
51,0
93,1
16,0
98,1
72,1
32,0
84,1
95,1
76,1
70,1
90,1
10,0
9,0
34,0
98,1
71,1
52,0
29,0
29,0
70,1
82,1
24,0
70,1
26,0
73,1
89,1
33,0
76,1
44,0
8,0
47,0
82,1
83,1
96,1
93,1
80,1
26,0
76,1
64,0
21,0
76,1
74,1
11,0
96,1
84,1
93,1
11,0
85,1
74,1
25,0
63,0
95,1
36,0
94,1
74,1
1,0
83,1
72,1
97,1
42,0
86,1
11,0
86,1
79,1
95,1
41,0
68,0
75,1
91,1
85,1
24,0
71,1
98,1
98,1
89,1
88,1
28,0
73,1
67,0
70,1
79,1
12,0
89,1
100,1
68,0
84,1
10,0
96,1
82,1
21,0
97,1
40,0
89,1
95,1
33,0
21,0
64,0
80,1
11,0
95,1
54,0
27,0
78,1
80,1
87,1
85,1
83,1
43,0
75,1
81,1
61,0
83,1
28,0
74,1
78,1
8,0
59,0
16,0
13,0
72,1
16,0
94,1
77,1
98,1
80,1
11,0
60,0
53,0
86,1
83,1
13,0
56,0
31,0
67,0
59,0
78,1
1,0
86,1
29,0
85,1
71,1
90,1
100,1
51,0
88,1
48,0
29,0
72,1
38,0
77,1
81,1
62,0
76,1
79,1
72,1
98,1
22,0
25,0
80,1
72,1
76,1
100,1
76,1
70,1
74,1
9,0
26,0
93,1
10,0
58,0
44,0
37,0
48,0
36,0
19,0
85,1
94,1
75,1
88,1
30,0
53,0
31,0
68,0
9,0
64,0
78,1
54,0
56,0
86,1
80,1
40,0
85,1
78,1
46,0
43,0
17,0
81,1
70,1
49,0
50,0
71,1
16,0
10,0
70,1
77,1
80,1
22,0
87,1
97,1
83,1
39,0
49,0
89,1
76,1
12,0
76,1
28,0
67,0
45,0
97,1
98,1
74,1
47,0
49,0
58,0
85,1
89,1
43,0
44,0
86,1
26,0
89,1
21,0
93,1
90,1
28,0
76,1
99,1
57,0
77,1
19,0
73,1
97,1
99,1
56,0
82,1
33,0
17,0
78,1
88,1
72,1
20,0
98,1
79,1
59,0
100,1
4,0
1,0
72,1
22,0
83,1
100,1
74,1
77,1
8,0
78,1
88,1
90,1
34,0
1,0
85,1
69,0
90,1
84,1
19,0
50,0
82,1
63,0
44,0
1,0
29,0
51,0
97,1
87,1
91,1
55,0
81,1
43,0
81,1
39,0
70,1
73,1
42,0
73,1
84,1
90,1
19,0
97,1
72,1
81,1
61,0
83,1
79,1
73,1
5,0
78,1
100,1
89,1
46,0
15,0
87,1
17,0
95,1
49,0
47,0
76,1
89,1
92,1
19,0
93,1
57,0
10,0
45,0
72,1
28,0
19,0
66,0
42,0
28,0
99,1
59,0
81,1
83,1
82,1
72,1
71,1
77,1
27,0
91,1
84,1
92,1
92,1
97,1
31,0
20,0
63,0
97,1
21,0
27,0
83,1
3,0
7,0
98,1
72,1
2,0
10,0
89,1
10,0
89,1
83,1
1,0
11,0
76,1
35,0
14,0
39,0
90,1
71,1
50,0
85,1
65,0
60,0
26,0
21,0
56,0
72,1
99,1
100,1
86,1
94,1
83,1
89,1
22,0
99,1
71,1
54,0
39,0
43,0
75,1
82,1
32,0
15,0
62,0
73,1
15,0
17,0
2,0
55,0
71,1
93,1
81,1
49,0
51,0
1,0
68,0
83,1
0,0
12,0
60,0
76,1
92,1
90,1
66,0
77,1
17,0
37,0
11,0
94,1
76,1
25,0
60,0
21,0
36,0
83,1
67,0
37,0
94,1
37,0
40,0
35,0
26,0
81,1
13,0
8,0
100,1
72,1
79,1
10,0
23,0
9,0
99,1
51,0
24,0
68,0
19,0
86,1
75,1
14,0
87,1
26,0
26,0
95,1
92,1
99,1
95,1
11,0
74,1
49,0
84,1
85,1
81,1
79,1
99,1
20,0
46,0
65,0
40,0
19,0
68,0
70,1
13,0
92,1
73,1
84,1
0,0
69,0
89,1
74,1
100,1
33,0
51,0
61,0
84,1
51,0
32,0
85,1
82,1
61,0
66,0
98,1
74,1
96,1
39,0
56,0
47,0
79,1
43,0
74,1
77,1
17,0
69,0
70,1
50,0
60,0
42,0
27,0
66,0
80,1
53,0
76,1
31,0
98,1
69,0
90,1
68,0
82,1
90,1
21,0
90,1
99,1
12,0
4,0
83,1
97,1
66,0
84,1
77,1
32,0
4,0
100,1
62,0
17,0
80,1
19,0
92,1
99,1
46,0
97,1
11,0
40,0
44,0
92,1
19,0
74,1
0,0
0,0
17,0
96,1
75,1
77,1
99,1
49,0
81,1
16,0
3,0
85,1
70,1
13,0
60,0
3,0
31,0
59,0
92,1
4,0
56,0
100,1
17,0
0,0
78,1
72,1
90,1
65,0
81,1
50,0
86,1
70,1
71,1
48,0
95,1
77,1
87,1
72,1
77,1
90,1
76,1
63,0
98,1
19,0
71,1
93,1
15,0
15,0
61,0
62,0
21,0
83,1
6,0
12,0
89,1
98,1
63,0
80,1
71,1
71,1
94,1
16,0
75,1
85,1
62,0
6,0
1,0
93,1
48,0
81,1
39,0
79,1
31,0
96,1
88,1
41,0
89,1
23,0
94,1
87,1
93,1
91,1
83,1
99,1
51,0
90,1
2,0
76,1
96,1
90,1
4,0
53,0
77,1
98,1
60,0
5,0
78,1
86,1
23,0
3,0
42,0
14,0
84,1
96,1
99,1
70,1
19,0
21,0
87,1
95,1
45,0
74,1
96,1
79,1
89,1
89,1
88,1
8,0
36,0
29,0
30,0
64,0
33,0
16,0
0,0
96,1
75,1
82,1
27,0
88,1
50,0
70,1
50,0
97,1
93,1
92,1
47,0
74,1
91,1
61,0
42,0
73,1
80,1
89,1
83,1
51,0
26,0
84,1
89,1
11,0
79,1
75,1
35,0
85,1
94,1
39,0
97,1
97,1
95,1
64,0
87,1
81,1
81,1
66,0
92,1
90,1
36,0
90,1
32,0
13,0
83,1
94,1
63,0
29,0
7,0
67,0
65,0
92,1
7,0
85,1
71,1
22,0
26,0
91,1
79,1
73,1
12,0
63,0
33,0
46,0
72,1
35,0
69,0
86,1
91,1
85,1
52,0
91,1
62,0
60,0
27,0
56,0
89,1
4,0
79,1
5,0
75,1
78,1
91,1
48,0
83,1
71,1
0,0
60,0
94,1
38,0
85,1
86,1
1,0
79,1
76,1
52,0
13,0
47,0
74,1
38,0
13,0
55,0
58,0
16,0
71,1
32,0
79,1
6,0
96,1
80,1
76,1
41,0
17,0
85,1
77,1
42,0
80,1
27,0
88,1
63,0
16,0
88,1
78,1
67,0
31,0
97,1
87,1
71,1
85,1
66,0
49,0
71,1
95,1
39,0
22,0
97,1
30,0
55,0
94,1
69,0
74,1
13,0
70,1
69,0
48,0
93,1
95,1
63,0
94,1
94,1
11,0
100,1
44,0
55,0
33,0
76,1
87,1
59,0
4,0
4,0
11,0
15,0
90,1
98,1
94,1
70,1
94,1
33,0
32,0
70,1
90,1
92,1
53,0
89,1
71,1
89,1
68,0
83,1
61,0
20,0
10,0
22,0
78,1
22,0
12,0
88,1
63,0
59,0
98,1
26,0
76,1
47,0
74,1
48,0
73,1
67,0
71,1
56,0
71,1
56,0
39,0
96,1
77,1
83,1
75,1
84,1
37,0
58,0
93,1
76,1
65,0
11,0
92,1
94,1
41,0
48,0
80,1
55,0
70,1
23,0
49,0
79,1
49,0
25,0
76,1
34,0
57,0
42,0
96,1
96,1
33,0
42,0
10,0
22,0
84,1
70,1
23,0
46,0
39,0
15,0
99,1
83,1
5,0
74,1
60,0
43,0
53,0
72,1
74,1
11,0
51,0
70,1
87,1
25,0
27,0
91,1
18,0
74,1
63,0
99,1
72,1
66,0
15,0
13,0
88,1
55,0
20,0
64,0
74,1
74,1
25,0
83,1
4,0
7,0
79,1
82,1
76,1
96,1
81,1
78,1
87,1
79,1
4,0
0,0
72,1
13,0
97,1
87,1
84,1
36,0
93,1
56,0
94,1
89,1
29,0
0,0
85,1
47,0
75,1
45,0
87,1
7,0
83,1
87,1
35,0
46,0
73,1
80,1
60,0
0,0
99,1
95,1
71,1
71,1
95,1
98,1
52,0
27,0
17,0
48,0
25,0
100,1
100,1
95,1
79,1
58,0
30,0
79,1
6,0
19,0
72,1
92,1
0,0
16,0
97,1
96,1
74,1
93,1
99,1
73,1
46,0
29,0
7,0
37,0
57,0
92,1
33,0
87,1
38,0
78,1
71,1
70,1
61,0
77,1
60,0
90,1
83,1
95,1
38,0
79,1
99,1
86,1
52,0
73,1
72,1
15,0
88,1
37,0
72,1
24,0
75,1
4,0
77,1
36,0
24,0
89,1
87,1
76,1
23,0
77,1
75,1
94,1
87,1
69,0
78,1
61,0
34,0
76,1
85,1
63,0
53,0
76,1
91,1
61,0
70,1
98,1
49,0
69,0
4,0
0,0
8,0
71,1
84,1
73,1
83,1
96,1
22,0
98,1
93,1
49,0
90,1
18,0
95,1
94,1
40,0
47,0
60,0
11,0
54,0
79,1
67,0
68,0
100,1
72,1
26,0
53,0
89,1
3,0
63,0
94,1
59,0
61,0
12,0
100,1
43,0
95,1
87,1
24,0
96,1
96,1
54,0
78,1
85,1
39,0
90,1
71,1
37,0
84,1
7,0
87,1
24,0
84,1
76,1
21,0
95,1
45,0
32,0
100,1
87,1
54,0
91,1
83,1
8,0
62,0
98,1
4,0
98,1
52,0
29,0
84,1
73,1
52,0
41,0
21,0
41,0
31,0
59,0
71,1
51,0
87,1
4,0
43,0
87,1
91,1
70,1
98,1
80,1
44,0
15,0
91,1
58,0
99,1
19,0
92,1
34,0
24,0
57,0
31,0
100,1
62,0
98,1
83,1
84,1
11,0
1,0
75,1
61,0
44,0
67,0
54,0
75,1
92,1
73,1
95,1
18,0
91,1
76,1
56,0
96,1
34,0
79,1
50,0
84,1
7,0
83,1
59,0
72,1
79,1
82,1
55,0
99,1
86,1
66,0
73,1
3,0
16,0
39,0
93,1
93,1
72,1
92,1
28,0
12,0
87,1
92,1
37,0
83,1
98,1
72,1
31,0
72,1
10,0
83,1
99,1
78,1
53,0
41,0
22,0
99,1
42,0
65,0
5,0
62,0
43,0
65,0
58,0
11,0
93,1
90,1
94,1
93,1
4,0
77,1
7,0
83,1
87,1
74,1
16,0
70,1
59,0
83,1
74,1
9,0
39,0
73,1
5,0
76,1
10,0
1,0
9,0
47,0
75,1
99,1
48,0
9,0
56,0
74,1
80,1
51,0
93,1
52,0
95,1
95,1
83,1
67,0
61,0
1,0
100,1
17,0
84,1
78,1
98,1
6,0
83,1
20,0
4,0
45,0
49,0
31,0
35,0
50,0
99,1
29,0
78,1
100,1
89,1
68,0
78,1
72,1
75,1
74,1
19,0
75,1
77,1
11,0
93,1
73,1
82,1
76,1
87,1
53,0
15,0
69,0
81,1
82,1
76,1
91,1
82,1
93,1
29,0
65,0
100,1
20,0
73,1
38,0
97,1
56,0
75,1
59,0
78,1
44,0
29,0
54,0
96,1
50,0
59,0
83,1
88,1
74,1
92,1
92,1
17,0
93,1
92,1
47,0
83,1
81,1
26,0
6,0
86,1
2,0
72,1
79,1
94,1
75,1
36,0
75,1
91,1
38,0
65,0
36,0
26,0
26,0
89,1
46,0
5,0
83,1
70,1
76,1
74,1
88,1
0,0
51,0
6,0
5,0
93,1
42,0
77,1
94,1
85,1
84,1
62,0
71,1
18,0
44,0
23,0
23,0
99,1
92,1
62,0
16,0
21,0
85,1
53,0
81,1
87,1
3,0
22,0
87,1
27,0
69,0
73,1
92,1
12,0
43,0
96,1
93,1
78,1
28,0
99,1
33,0
24,0
97,1
96,1
46,0
62,0
80,1
89,1
76,1
55,0
87,1
94,1
5,0
100,1
84,1
97,1
55,0
4,0
81,1
78,1
83,1
100,1
36,0
46,0
93,1
70,1
51,0
81,1
73,1
99,1
47,0
26,0
46,0
83,1
28,0
82,1
40,0
39,0
13,0
17,0
97,1
84,1
73,1
6,0
67,0
75,1
87,1
95,1
75,1
98,1
3,0
36,0
86,1
94,1
70,1
99,1
35,0
92,1
0,0
97,1
0,0
2,0
15,0
85,1
100,1
90,1
26,0
80,1
80,1
91,1
23,0
93,1
52,0
99,1
2,0
10,0
82,1
99,1
22,0
10,0
16,0
97,1
86,1
5,0
99,1
74,1
18,0
72,1
74,1
34,0
83,1
95,1
64,0
50,0
48,0
22,0
60,0
40,0
85,1
3,0
85,1
56,0
0,0
52,0
77,1
45,0
86,1
12,0
12,0
95,1
52,0
92,1
96,1
65,0
19,0
78,1
99,1
73,1
99,1
76,1
91,1
86,1
34,0
98,1
78,1
75,1
28,0
75,1
73,1
9,0
46,0
72,1
76,1
54,0
96,1
88,1
20,0
76,1
99,1
76,1
91,1
96,1
9,0
9,0
74,1
97,1
7,0
82,1
71,1
8,0
83,1
93,1
45,0
84,1
73,1
64,0
95,1
6,0
59,0
100,1
98,1
12,0
83,1
85,1
6,0
77,1
86,1
65,0
38,0
46,0
40,0
93,1
60,0
64,0
89,1
36,0
31,0
46,0
58,0
48,0
13,0
30,0
68,0
52,0
38,0
71,1
89,1
40,0
74,1
84,1
86,1
8,0
56,0
35,0
17,0
98,1
43,0
61,0
8,0
99,1
99,1
81,1
72,1
28,0
50,0
10,0
98,1
39,0
22,0
60,0
44,0
87,1
71,1
82,1
77,1
74,1
90,1
87,1
71,1
84,1
72,1
91,1
85,1
56,0
13,0
24,0
25,0
58,0
84,1
5,0
14,0
68,0
79,1
89,1
28,0
77,1
77,1
85,1
34,0
72,1
93,1
85,1
87,1
10,0
3,0
22,0
87,1
34,0
48,0
21,0
68,0
41,0
11,0
63,0
93,1
15,0
94,1
71,1
92,1
83,1
59,0
4,0
88,1
77,1
19,0
63,0
9,0
14,0
58,0
79,1
91,1
71,1
65,0
91,1
47,0
42,0
51,0
92,1
87,1
93,1
41,0
70,1
87,1
43,0
3,0
99,1
88,1
1,0
90,1
47,0
30,0
75,1
70,1
59,0
73,1
0,0
83,1
81,1
58,0
1,0
72,1
46,0
47,0
86,1
83,1
2,0
83,1
96,1
41,0
85,1
0,0
100,1
50,0
26,0
94,1
67,0
93,1
11,0
88,1
73,1
98,1
78,1
93,1
29,0
43,0
75,1
81,1
10,0
4,0
10,0
44,0
30,0
98,1
97,1
80,1
7,0
33,0
30,0
79,1
80,1
81,1
85,1
31,0
49,0
9,0
40,0
7,0
33,0
85,1
88,1
70,1
72,1
83,1
9,0
1,0
66,0
58,0
0,0
97,1
62,0
80,1
73,1
65,0
91,1
2,0
80,1
40,0
97,1
81,1
2,0
82,1
86,1
77,1
79,1
88,1
69,0
58,0
77,1
90,1
13,0
36,0
92,1
75,1
94,1
91,1
94,1
32,0
84,1
84,1
87,1
44,0
96,1
71,1
87,1
12,0
50,0
28,0
89,1
72,1
88,1
93,1
66,0
75,1
44,0
91,1
48,0
89,1
15,0
31,0
17,0
76,1
69,0
75,1
33,0
79,1
27,0
62,0
91,1
54,0
95,1
61,0
75,1
8,0
27,0
66,0
53,0
100,1
53,0
90,1
96,1
95,1
26,0
50,0
47,0
77,1
98,1
73,1
7,0
93,1
72,1
21,0
20,0
85,1
2,0
87,1
99,1
78,1
46,0
100,1
51,0
77,1
43,0
56,0
45,0
43,0
100,1
47,0
13,0
93,1
80,1
74,1
77,1
94,1
56,0
90,1
100,1
7,0
76,1
93,1
44,0
63,0
99,1
59,0
98,1
75,1
63,0
97,1
2,0
94,1
54,0
70,1
97,1
68,0
75,1
80,1
25,0
36,0
74,1
13,0
18,0
100,1
93,1
0,0
9,0
5,0
73,1
30,0
75,1
50,0
84,1
64,0
90,1
98,1
2,0
7,0
32,0
52,0
50,0
85,1
62,0
81,1
99,1
98,1
93,1
8,0
20,0
66,0
15,0
24,0
40,0
25,0
58,0
75,1
94,1
82,1
96,1
33,0
67,0
58,0
56,0
64,0
53,0
53,0
95,1
8,0
12,0
96,1
80,1
86,1
94,1
53,0
20,0
9,0
37,0
100,1
73,1
77,1
95,1
19,0
46,0
8,0
80,1
95,1
90,1
14,0
71,1
48,0
43,0
60,0
33,0
56,0
25,0
68,0
4,0
54,0
82,1
98,1
12,0
70,1
90,1
37,0
13,0
97,1
10,0
19,0
75,1
90,1
79,1
17,0
14,0
24,0
55,0
94,1
98,1
66,0
20,0
72,1
92,1
9,0
79,1
95,1
89,1
79,1
87,1
100,1
78,1
93,1
81,1
92,1
99,1
80,1
83,1
100,1
11,0
91,1
81,1
15,0
57,0
74,1
29,0
18,0
82,1
0,0
74,1
74,1
60,0
5,0
40,0
24,0
96,1
62,0
45,0
91,1
78,1
82,1
13,0
21,0
82,1
86,1
15,0
90,1
42,0
78,1
6,0
0,0
31,0
95,1
83,1
78,1
81,1
18,0
94,1
63,0
47,0
97,1
78,1
60,0
4,0
1,0
97,1
55,0
52,0
87,1
96,1
1,0
57,0
71,1
3,0
20,0
92,1
70,1
70,1
60,0
73,1
74,1
85,1
87,1
54,0
55,0
72,1
79,1
67,0
88,1
3,0
6,0
81,1
55,0
16,0
81,1
87,1
4,0
27,0
50,0
87,1
10,0
91,1
37,0
45,0
6,0
33,0
25,0
5,0
78,1
98,1
69,0
7,0
99,1
12,0
2,0
8,0
98,1
0,0
68,0
92,1
80,1
94,1
97,1
65,0
21,0
29,0
7,0
51,0
25,0
12,0
9,0
46,0
26,0
99,1
87,1
2,0
66,0
70,1
21,0
13,0
30,0
45,0
60,0
81,1
68,0
10,0
72,1
94,1
82,1
93,1
54,0
93,1
13,0
76,1
55,0
76,1
89,1
95,1
3,0
52,0
64,0
13,0
45,0
71,1
64,0
71,1
82,1
22,0
87,1
86,1
83,1
89,1
14,0
76,1
49,0
100,1
23,0
55,0
87,1
22,0
49,0
60,0
66,0
100,1
82,1
56,0
91,1
38,0
83,1
77,1
7,0
85,1
93,1
72,1
78,1
59,0
75,1
64,0
71,1
29,0
67,0
79,1
0,0
6,0
18,0
71,1
15,0
100,1
75,1
92,1
21,0
70,1
81,1
100,1
93,1
28,0
39,0
28,0
2,0
31,0
39,0
76,1
72,1
79,1
49,0
65,0
94,1
61,0
53,0
68,0
70,1
73,1
74,1
78,1
91,1
91,1
100,1
4,0
29,0
90,1
42,0
77,1
72,1
35,0
72,1
90,1
74,1
93,1
74,1
15,0
100,1
60,0
75,1
99,1
55,0
100,1
71,1
33,0
16,0
83,1
95,1
22,0
32,0
90,1
51,0
99,1
99,1
72,1
18,0
95,1
87,1
33,0
84,1
78,1
44,0
92,1
28,0
89,1
94,1
64,0
10,0
71,1
58,0
78,1
4,0
58,0
61,0
11,0
95,1
82,1
99,1
31,0
82,1
70,1
88,1
32,0
52,0
64,0
62,0
39,0
97,1
37,0
85,1
83,1
72,1
31,0
73,1
90,1
88,1
62,0
66,0
5,0
94,1
31,0
92,1
19,0
77,1
97,1
23,0
52,0
7,0
73,1
89,1
36,0
16,0
12,0
79,1
99,1
29,0
90,1
25,0
97,1
86,1
93,1
44,0
68,0
100,1
50,0
39,0
97,1
75,1
78,1
96,1
51,0
90,1
70,1
55,0
84,1
72,1
84,1
15,0
19,0
71,1
69,0
45,0
58,0
89,1
92,1
45,0
24,0
60,0
85,1
96,1
61,0
16,0
85,1
16,0
79,1
82,1
57,0
47,0
93,1
3,0
94,1
37,0
93,1
31,0
95,1
6,0
100,1
87,1
18,0
74,1
10,0
60,0
2,0
37,0
83,1
51,0
47,0
98,1
45,0
95,1
96,1
61,0
74,1
23,0
41,0
82,1
89,1
91,1
91,1
33,0
97,1
98,1
93,1
93,1
23,0
33,0
45,0
72,1
31,0
83,1
71,1
95,1
80,1
87,1
97,1
18,0
94,1
39,0
74,1
92,1
58,0
75,1
82,1
92,1
85,1
20,0
92,1
49,0
80,1
26,0
97,1
56,0
7,0
30,0
75,1
26,0
94,1
37,0
95,1
66,0
51,0
92,1
72,1
84,1
9,0
96,1
78,1
74,1
94,1
73,1
47,0
79,1
33,0
48,0
26,0
72,1
14,0
87,1
26,0
22,0
99,1
96,1
91,1
7,0
82,1
86,1
34,0
50,0
7,0
36,0
74,1
96,1
11,0
81,1
91,1
91,1
83,1
95,1
93,1
83,1
82,1
96,1
21,0
78,1
97,1
78,1
95,1
56,0
84,1
96,1
94,1
72,1
93,1
10,0
69,0
90,1
20,0
22,0
41,0
52,0
91,1
50,0
59,0
27,0
31,0
85,1
33,0
31,0
22,0
94,1
27,0
94,1
27,0
71,1
13,0
72,1
1,0
42,0
21,0
12,0
60,0
78,1
92,1
67,0
73,1
74,1
43,0
80,1
81,1
7,0
96,1
12,0
62,0
47,0
35,0
96,1
68,0
24,0
92,1
87,1
67,0
79,1
52,0
87,1
21,0
22,0
58,0
34,0
17,0
49,0
11,0
16,0
77,1
71,1
100,1
27,0
100,1
88,1
73,1
88,1
70,1
93,1
45,0
5,0
7,0
13,0
74,1
85,1
77,1
75,1
88,1
79,1
89,1
78,1
96,1
14,0
47,0
50,0
73,1
64,0
72,1
66,0
76,1
54,0
81,1
16,0
5,0
95,1
29,0
31,0
97,1
84,1
1,0
24,0
8,0
78,1
89,1
60,0
34,0
38,0
99,1
81,1
81,1
77,1
75,1
22,0
38,0
86,1
32,0
57,0
54,0
47,0
15,0
64,0
46,0
81,1
73,1
7,0
75,1
96,1
93,1
27,0
6,0
41,0
38,0
50,0
44,0
12,0
100,1
52,0
21,0
33,0
70,1
32,0
71,1
7,0
70,1
18,0
92,1
93,1
39,0
16,0
87,1
91,1
82,1
58,0
87,1
75,1
33,0
88,1
100,1
29,0
1,0
32,0
55,0
55,0
54,0
63,0
45,0
64,0
16,0
81,1
79,1
93,1
85,1
81,1
5,0
90,1
66,0
93,1
58,0
91,1
36,0
39,0
44,0
96,1
68,0
29,0
66,0
91,1
79,1
26,0
79,1
98,1
45,0
19,0
71,1
61,0
73,1
74,1
9,0
35,0
87,1
89,1
82,1
84,1
95,1
70,1
96,1
80,1
27,0
38,0
27,0
65,0
23,0
77,1
92,1
59,0
14,0
43,0
69,0
77,1
85,1
77,1
75,1
96,1
7,0
82,1
77,1
7,0
38,0
6,0
76,1
88,1
84,1
62,0
90,1
26,0
95,1
73,1
85,1
24,0
92,1
42,0
20,0
73,1
34,0
72,1
83,1
78,1
33,0
60,0
69,0
7,0
52,0
59,0
94,1
54,0
12,0
51,0
84,1
92,1
10,0
53,0
67,0
51,0
55,0
16,0
93,1
66,0
77,1
0,0
9,0
14,0
90,1
65,0
60,0
30,0
79,1
14,0
79,1
65,0
33,0
34,0
64,0
71,1
85,1
85,1
70,1
53,0
31,0
79,1
49,0
42,0
76,1
50,0
13,0
81,1
46,0
83,1
47,0
46,0
77,1
78,1
6,0
96,1
59,0
9,0
35,0
85,1
18,0
42,0
100,1
96,1
72,1
71,1
82,1
78,1
93,1
44,0
100,1
88,1
76,1
1,0
99,1
95,1
65,0
74,1
95,1
82,1
20,0
89,1
86,1
37,0
97,1
91,1
82,1
93,1
97,1
36,0
97,1
12,0
19,0
47,0
89,1
98,1
62,0
33,0
51,0
72,1
71,1
88,1
85,1
7,0
39,0
87,1
85,1
6,0
83,1
23,0
51,0
93,1
90,1
96,1
98,1
24,0
62,0
80,1
77,1
29,0
24,0
73,1
98,1
80,1
100,1
75,1
72,1
85,1
85,1
93,1
31,0
94,1
79,1
100,1
3,0
19,0
9,0
12,0
95,1
6,0
100,1
2,0
98,1
87,1
96,1
75,1
88,1
86,1
7,0
31,0
49,0
60,0
48,0
19,0
79,1
83,1
60,0
54,0
100,1
39,0
76,1
85,1
3,0
3,0
45,0
88,1
93,1
10,0
68,0
82,1
50,0
74,1
36,0
12,0
13,0
94,1
96,1
78,1
34,0
93,1
19,0
94,1
10,0
5,0
34,0
80,1
82,1
89,1
97,1
95,1
79,1
95,1
78,1
90,1
93,1
61,0
84,1
9,0
69,0
91,1
86,1
85,1
65,0
91,1
79,1
19,0
64,0
33,0
39,0
81,1
80,1
18,0
73,1
16,0
99,1
6,0
94,1
30,0
89,1
73,1
12,0
91,1
87,1
10,0
22,0
90,1
98,1
78,1
97,1
84,1
83,1
94,1
83,1
53,0
42,0
93,1
92,1
6,0
7,0
77,1
84,1
87,1
58,0
97,1
75,1
87,1
96,1
81,1
80,1
84,1
51,0
89,1
15,0
25,0
48,0
90,1
77,1
78,1
8,0
87,1
62,0
46,0
29,0
54,0
2,0
93,1
79,1
86,1
94,1
4,0
50,0
73,1
4,0
83,1
93,1
47,0
79,1
56,0
71,1
98,1
39,0
16,0
12,0
81,1
93,1
100,1
31,0
21,0
28,0
85,1
90,1
5,0
25,0
76,1
13,0
33,0
62,0
75,1
40,0
78,1
71,1
85,1
93,1
55,0
26,0
96,1
10,0
46,0
73,1
88,1
80,1
78,1
90,1
80,1
87,1
48,0
67,0
87,1
85,1
50,0
31,0
29,0
57,0
93,1
76,1
38,0
75,1
33,0
91,1
50,0
51,0
97,1
84,1
33,0
55,0
18,0
80,1
61,0
83,1
29,0
63,0
94,1
80,1
78,1
62,0
92,1
77,1
19,0
4,0
35,0
87,1
92,1
3,0
85,1
83,1
89,1
88,1
83,1
94,1
68,0
70,1
78,1
4,0
66,0
86,1
45,0
84,1
73,1
67,0
92,1
98,1
32,0
82,1
25,0
84,1
70,1
89,1
81,1
69,0
74,1
48,0
90,1
13,0
92,1
73,1
77,1
82,1
87,1
95,1
76,1
31,0
7,0
86,1
32,0
76,1
93,1
94,1
99,1
92,1
78,1
13,0
92,1
15,0
93,1
14,0
98,1
7,0
21,0
4,0
72,1
78,1
88,1
37,0
41,0
5,0
6,0
84,1
90,1
79,1
43,0
30,0
47,0
70,1
0,0
9,0
83,1
72,1
29,0
59,0
85,1
94,1
88,1
76,1
81,1
32,0
84,1
12,0
33,0
98,1
95,1
31,0
53,0
30,0
80,1
82,1
72,1
4,0
70,1
82,1
44,0
67,0
87,1
72,1
96,1
65,0
44,0
13,0
71,1
77,1
73,1
92,1
28,0
48,0
98,1
35,0
3,0
99,1
5,0
93,1
12,0
93,1
66,0
39,0
19,0
34,0
82,1
95,1
3,0
12,0
41,0
24,0
98,1
74,1
32,0
97,1
23,0
43,0
77,1
25,0
69,0
94,1
69,0
7,0
80,1
47,0
65,0
85,1
33,0
52,0
27,0
25,0
65,0
78,1
14,0
96,1
25,0
2,0
97,1
55,0
96,1
20,0
57,0
27,0
15,0
74,1
90,1
80,1
94,1
86,1
3,0
22,0
41,0
3,0
90,1
88,1
18,0
94,1
28,0
55,0
92,1
16,0
91,1
99,1
71,1
76,1
40,0
24,0
22,0
70,1
36,0
98,1
82,1
27,0
91,1
24,0
91,1
95,1
57,0
36,0
56,0
78,1
67,0
99,1
27,0
7,0
11,0
3,0
96,1
90,1
84,1
8,0
35,0
37,0
78,1
19,0
43,0
61,0
2,0
18,0
79,1
51,0
82,1
85,1
98,1
90,1
6,0
97,1
77,1
100,1
26,0
88,1
28,0
72,1
50,0
76,1
96,1
77,1
2,0
90,1
55,0
68,0
31,0
77,1
67,0
93,1
0,0
19,0
87,1
70,1
43,0
10,0
28,0
72,1
0,0
75,1
87,1
82,1
27,0
28,0
72,1
89,1
71,1
83,1
74,1
42,0
96,1
48,0
38,0
42,0
69,0
96,1
6,0
65,0
2,0
48,0
90,1
36,0
73,1
7,0
82,1
94,1
71,1
36,0
81,1
94,1
35,0
90,1
99,1
81,1
81,1
69,0
32,0
95,1
1,0
16,0
92,1
73,1
89,1
48,0
38,0
86,1
45,0
68,0
84,1
99,1
95,1
77,1
25,0
73,1
25,0
79,1
53,0
42,0
93,1
83,1
20,0
54,0
86,1
93,1
36,0
58,0
16,0
84,1
19,0
12,0
42,0
86,1
26,0
92,1
30,0
89,1
10,0
98,1
88,1
42,0
86,1
86,1
82,1
48,0
84,1
95,1
60,0
32,0
38,0
78,1
19,0
1,0
94,1
34,0
57,0
9,0
63,0
99,1
20,0
48,0
87,1
78,1
10,0
98,1
38,0
71,1
90,1
44,0
47,0
61,0
95,1
86,1
84,1
52,0
53,0
86,1
10,0
46,0
23,0
2,0
75,1
47,0
87,1
92,1
91,1
88,1
92,1
23,0
39,0
10,0
98,1
78,1
63,0
70,1
93,1
19,0
93,1
96,1
51,0
83,1
98,1
31,0
44,0
61,0
97,1
8,0
55,0
48,0
95,1
11,0
83,1
47,0
51,0
64,0
71,1
41,0
17,0
84,1
98,1
71,1
16,0
63,0
74,1
53,0
18,0
37,0
96,1
34,0
47,0
49,0
19,0
66,0
98,1
51,0
24,0
63,0
41,0
44,0
100,1
30,0
5,0
83,1
24,0
90,1
94,1
80,1
17,0
67,0
29,0
98,1
46,0
93,1
88,1
65,0
89,1
65,0
89,1
86,1
80,1
95,1
86,1
85,1
48,0
88,1
37,0
67,0
89,1
79,1
76,1
78,1
79,1
2,0
79,1
81,1
39,0
50,0
1,0
28,0
17,0
25,0
32,0
96,1
76,1
15,0
81,1
3,0
72,1
12,0
72,1
18,0
88,1
23,0
41,0
15,0
86,1
50,0
94,1
62,0
22,0
86,1
4,0
20,0
17,0
70,1
78,1
80,1
25,0
41,0
41,0
72,1
72,1
80,1
52,0
68,0
83,1
9,0
65,0
9,0
50,0
57,0
1,0
97,1
97,1
85,1
61,0
93,1
34,0
69,0
90,1
73,1
94,1
43,0
70,1
29,0
94,1
50,0
80,1
57,0
4,0
59,0
79,1
10,0
96,1
69,0
5,0
86,1
73,1
61,0
75,1
34,0
36,0
97,1
72,1
80,1
63,0
72,1
93,1
0,0
30,0
92,1
78,1
74,1
74,1
55,0
90,1
74,1
98,1
59,0
53,0
48,0
50,0
44,0
74,1
80,1
98,1
86,1
68,0
22,0
93,1
42,0
64,0
10,0
100,1
22,0
85,1
82,1
34,0
100,1
52,0
25,0
73,1
70,1
65,0
49,0
99,1
77,1
86,1
31,0
4,0
50,0
88,1
50,0
78,1
17,0
99,1
95,1
93,1
29,0
28,0
97,1
13,0
72,1
54,0
100,1
93,1
46,0
71,1
92,1
73,1
68,0
91,1
40,0
38,0
1,0
36,0
91,1
85,1
53,0
2,0
76,1
92,1
75,1
12,0
21,0
61,0
23,0
100,1
29,0
80,1
81,1
68,0
76,1
1,0
53,0
94,1
80,1
76,1
58,0
77,1
43,0
92,1
2,0
72,1
29,0
91,1
36,0
32,0
0,0
82,1
49,0
81,1
75,1
28,0
51,0
32,0
17,0
65,0
52,0
87,1
48,0
71,1
96,1
85,1
17,0
26,0
66,0
63,0
75,1
26,0
23,0
83,1
87,1
84,1
97,1
33,0
92,1
23,0
39,0
68,0
99,1
34,0
91,1
75,1
42,0
23,0
96,1
71,1
50,0
12,0
53,0
49,0
88,1
89,1
90,1
65,0
40,0
83,1
3,0
76,1
28,0
85,1
93,1
47,0
51,0
4,0
68,0
70,1
99,1
78,1
40,0
71,1
54,0
23,0
98,1
77,1
72,1
52,0
52,0
92,1
75,1
90,1
50,0
66,0
25,0
4,0
84,1
94,1
77,1
23,0
79,1
20,0
86,1
51,0
24,0
15,0
17,0
90,1
74,1
47,0
35,0
82,1
71,1
93,1
50,0
91,1
26,0
78,1
28,0
92,1
84,1
98,1
93,1
17,0
30,0
100,1
81,1
29,0
20,0
97,1
98,1
19,0
26,0
86,1
91,1
90,1
90,1
22,0
10,0
97,1
23,0
63,0
95,1
15,0
95,1
49,0
85,1
10,0
99,1
76,1
34,0
29,0
23,0
75,1
17,0
14,0
80,1
9,0
84,1
63,0
30,0
27,0
84,1
74,1
80,1
79,1
99,1
84,1
36,0
33,0
97,1
87,1
66,0
39,0
25,0
50,0
40,0
52,0
28,0
57,0
80,1
90,1
32,0
21,0
78,1
39,0
47,0
90,1
16,0
80,1
65,0
87,1
66,0
91,1
71,1
90,1
61,0
65,0
55,0
19,0
85,1
88,1
71,1
85,1
88,1
62,0
2,0
2,0
61,0
90,1
17,0
14,0
2,0
84,1
56,0
31,0
82,1
100,1
86,1
65,0
84,1
100,1
51,0
88,1
36,0
35,0
86,1
74,1
84,1
88,1
38,0
45,0
35,0
49,0
10,0
98,1
57,0
77,1
87,1
21,0
85,1
72,1
71,1
86,1
52,0
47,0
89,1
37,0
72,1
91,1
65,0
47,0
99,1
93,1
52,0
71,1
88,1
75,1
97,1
72,1
15,0
52,0
27,0
86,1
90,1
51,0
29,0
90,1
19,0
58,0
48,0
81,1
62,0
96,1
55,0
61,0
50,0
11,0
88,1
99,1
60,0
36,0
16,0
96,1
54,0
31,0
80,1
100,1
31,0
58,0
75,1
82,1
91,1
65,0
44,0
1,0
10,0
58,0
18,0
33,0
10,0
39,0
48,0
29,0
85,1
20,0
10,0
83,1
44,0
78,1
84,1
14,0
38,0
74,1
53,0
88,1
46,0
57,0
0,0
99,1
94,1
57,0
70,1
23,0
57,0
37,0
54,0
98,1
83,1
36,0
60,0
15,0
63,0
74,1
77,1
38,0
88,1
9,0
71,1
74,1
73,1
72,1
13,0
71,1
92,1
9,0
72,1
1,0
34,0
78,1
91,1
34,0
82,1
33,0
85,1
29,0
73,1
98,1
78,1
50,0
3,0
52,0
36,0
98,1
36,0
85,1
100,1
67,0
90,1
20,0
22,0
70,1
15,0
32,0
72,1
37,0
62,0
85,1
37,0
88,1
27,0
83,1
68,0
1,0
86,1
91,1
5,0
99,1
15,0
66,0
26,0
25,0
43,0
51,0
25,0
31,0
39,0
78,1
67,0
78,1
88,1
88,1
3,0
41,0
19,0
70,1
51,0
94,1
14,0
42,0
75,1
77,1
50,0
65,0
98,1
42,0
80,1
71,1
71,1
60,0
92,1
66,0
54,0
76,1
86,1
57,0
84,1
78,1
15,0
73,1
84,1
98,1
1,0
56,0
61,0
93,1
96,1
54,0
27,0
15,0
53,0
81,1
82,1
25,0
90,1
83,1
2,0
62,0
73,1
94,1
21,0
29,0
80,1
34,0
91,1
89,1
74,1
61,0
82,1
13,0
70,1
93,1
84,1
52,0
57,0
10,0
79,1
97,1
45,0
67,0
93,1
78,1
87,1
29,0
56,0
26,0
88,1
21,0
10,0
92,1
60,0
49,0
99,1
57,0
73,1
19,0
73,1
73,1
7,0
81,1
100,1
84,1
52,0
66,0
87,1
37,0
4,0
84,1
69,0
78,1
29,0
54,0
67,0
32,0
25,0
81,1
17,0
52,0
87,1
79,1
5,0
94,1
21,0
100,1
93,1
85,1
83,1
7,0
49,0
87,1
33,0
27,0
96,1
84,1
86,1
99,1
91,1
97,1
20,0
98,1
79,1
89,1
90,1
97,1
50,0
98,1
16,0
72,1
84,1
95,1
89,1
87,1
41,0
97,1
57,0
44,0
30,0
35,0
76,1
88,1
8,0
90,1
31,0
4,0
74,1
31,0
73,1
96,1
84,1
87,1
87,1
82,1
11,0
34,0
46,0
37,0
74,1
74,1
40,0
79,1
92,1
74,1
5,0
75,1
25,0
4,0
34,0
70,1
84,1
22,0
20,0
53,0
48,0
18,0
18,0
72,1
64,0
4,0
88,1
70,1
17,0
7,0
88,1
82,1
76,1
75,1
29,0
36,0
79,1
73,1
48,0
99,1
71,1
37,0
89,1
91,1
29,0
54,0
55,0
16,0
41,0
72,1
48,0
78,1
85,1
72,1
98,1
93,1
74,1
82,1
29,0
8,0
77,1
87,1
100,1
55,0
98,1
36,0
57,0
19,0
71,1
85,1
14,0
87,1
48,0
19,0
96,1
77,1
39,0
10,0
2,0
100,1
34,0
37,0
71,1
100,1
93,1
2,0
17,0
84,1
90,1
100,1
73,1
80,1
82,1
100,1
35,0
93,1
70,1
83,1
30,0
54,0
94,1
82,1
26,0
36,0
91,1
27,0
97,1
15,0
39,0
34,0
72,1
61,0
65,0
75,1
27,0
63,0
63,0
81,1
29,0
99,1
84,1
9,0
67,0
9,0
49,0
4,0
43,0
50,0
95,1
32,0
68,0
49,0
45,0
87,1
69,0
49,0
73,1
25,0
88,1
99,1
88,1
91,1
81,1
16,0
53,0
97,1
48,0
94,1
70,1
34,0
41,0
95,1
21,0
78,1
98,1
80,1
38,0
26,0
65,0
2,0
83,1
79,1
67,0
83,1
95,1
65,0
87,1
97,1
72,1
96,1
60,0
92,1
75,1
10,0
34,0
94,1
23,0
76,1
51,0
73,1
11,0
77,1
90,1
70,1
86,1
89,1
34,0
35,0
53,0
18,0
25,0
22,0
79,1
28,0
76,1
85,1
57,0
15,0
77,1
84,1
75,1
91,1
66,0
82,1
88,1
73,1
71,1
73,1
61,0
21,0
62,0
94,1
4,0
40,0
80,1
55,0
64,0
3,0
73,1
41,0
77,1
100,1
78,1
10,0
74,1
81,1
99,1
66,0
55,0
68,0
11,0
87,1
93,1
81,1
70,1
98,1
77,1
95,1
54,0
99,1
41,0
87,1
94,1
29,0
72,1
58,0
20,0
12,0
96,1
79,1
33,0
92,1
52,0
85,1
1,0
30,0
53,0
71,1
55,0
64,0
100,1
52,0
85,1
43,0
93,1
76,1
77,1
37,0
36,0
21,0
10,0
30,0
84,1
72,1
9,0
3,0
94,1
64,0
16,0
81,1
50,0
87,1
99,1
3,0
76,1
4,0
46,0
74,1
85,1
74,1
19,0
30,0
92,1
27,0
72,1
95,1
81,1
88,1
76,1
86,1
70,1
96,1
91,1
30,0
16,0
24,0
78,1
22,0
75,1
94,1
49,0
53,0
63,0
85,1
63,0
75,1
86,1
93,1
93,1
91,1
20,0
20,0
94,1
77,1
72,1
54,0
85,1
75,1
3,0
65,0
33,0
13,0
75,1
88,1
87,1
79,1
62,0
52,0
94,1
97,1
13,0
81,1
72,1
74,1
87,1
91,1
97,1
28,0
50,0
56,0
54,0
77,1
74,1
8,0
39,0
72,1
61,0
6,0
12,0
4,0
80,1
40,0
90,1
71,1
100,1
83,1
83,1
83,1
4,0
43,0
81,1
55,0
38,0
81,1
100,1
33,0
73,1
77,1
0,0
65,0
83,1
26,0
72,1
59,0
24,0
76,1
93,1
83,1
52,0
55,0
88,1
74,1
42,0
97,1
66,0
44,0
99,1
89,1
62,0
15,0
75,1
77,1
54,0
18,0
59,0
96,1
44,0
36,0
88,1
96,1
96,1
9,0
89,1
33,0
81,1
83,1
75,1
80,1
83,1
75,1
89,1
2,0
32,0
91,1
47,0
28,0
76,1
16,0
91,1
43,0
91,1
16,0
63,0
74,1
2,0
95,1
69,0
68,0
65,0
78,1
70,1
7,0
8,0
95,1
75,1
48,0
57,0
26,0
18,0
55,0
64,0
0,0
96,1
56,0
99,1
77,1
75,1
78,1
27,0
77,1
82,1
80,1
6,0
82,1
17,0
94,1
90,1
82,1
77,1
98,1
85,1
81,1
52,0
67,0
44,0
1,0
72,1
90,1
71,1
70,1
4,0
26,0
80,1
12,0
83,1
92,1
65,0
12,0
35,0
25,0
2,0
1,0
71,1
82,1
87,1
18,0
40,0
78,1
59,0
83,1
59,0
74,1
68,0
87,1
56,0
89,1
88,1
66,0
85,1
3,0
44,0
76,1
55,0
24,0
58,0
81,1
78,1
8,0
56,0
84,1
97,1
6,0
97,1
59,0
80,1
78,1
71,1
37,0
5,0
69,0
95,1
88,1
30,0
81,1
91,1
93,1
21,0
17,0
14,0
78,1
5,0
93,1
55,0
16,0
0,0
12,0
27,0
5,0
28,0
7,0
44,0
99,1
15,0
68,0
74,1
31,0
60,0
29,0
29,0
92,1
12,0
28,0
94,1
98,1
96,1
48,0
46,0
13,0
84,1
2,0
3,0
50,0
56,0
90,1
81,1
71,1
81,1
71,1
76,1
77,1
97,1
94,1
69,0
40,0
79,1
28,0
79,1
69,0
76,1
8,0
92,1
2,0
75,1
90,1
100,1
31,0
52,0
93,1
71,1
84,1
32,0
81,1
29,0
89,1
23,0
91,1
83,1
74,1
13,0
98,1
78,1
88,1
89,1
73,1
31,0
36,0
19,0
72,1
31,0
80,1
22,0
50,0
78,1
46,0
88,1
76,1
91,1
79,1
67,0
99,1
54,0
87,1
92,1
70,1
91,1
91,1
6,0
47,0
93,1
96,1
71,1
65,0
82,1
65,0
4,0
41,0
72,1
82,1
38,0
77,1
79,1
67,0
95,1
89,1
77,1
46,0
90,1
87,1
23,0
10,0
53,0
93,1
23,0
57,0
87,1
73,1
59,0
98,1
56,0
46,0
73,1
7,0
85,1
94,1
16,0
92,1
50,0
15,0
85,1
73,1
72,1
10,0
95,1
97,1
5,0
46,0
75,1
85,1
95,1
82,1
97,1
63,0
85,1
79,1
54,0
5,0
98,1
62,0
16,0
73,1
95,1
46,0
72,1
75,1
30,0
90,1
44,0
31,0
42,0
56,0
6,0
79,1
86,1
41,0
66,0
53,0
73,1
100,1
83,1
75,1
21,0
43,0
18,0
29,0
97,1
90,1
12,0
38,0
97,1
90,1
31,0
76,1
79,1
75,1
17,0
80,1
70,1
29,0
99,1
16,0
100,1
65,0
47,0
76,1
80,1
78,1
58,0
87,1
12,0
56,0
95,1
72,1
78,1
63,0
80,1
1,0
35,0
80,1
98,1
84,1
17,0
26,0
39,0
38,0
41,0
76,1
32,0
72,1
93,1
73,1
13,0
24,0
76,1
97,1
75,1
92,1
19,0
80,1
98,1
73,1
29,0
2,0
80,1
90,1
49,0
46,0
54,0
71,1
32,0
38,0
80,1
98,1
73,1
20,0
87,1
26,0
33,0
71,1
55,0
82,1
100,1
37,0
3,0
27,0
77,1
59,0
38,0
32,0
20,0
93,1
86,1
99,1
71,1
13,0
89,1
15,0
80,1
32,0
71,1
11,0
32,0
92,1
7,0
90,1
31,0
55,0
75,1
52,0
29,0
64,0
60,0
89,1
95,1
53,0
56,0
22,0
84,1
28,0
34,0
85,1
98,1
22,0
3,0
93,1
92,1
53,0
44,0
48,0
100,1
81,1
31,0
98,1
65,0
42,0
14,0
60,0
18,0
3,0
7,0
51,0
55,0
8,0
100,1
93,1
74,1
65,0
6,0
91,1
82,1
4,0
85,1
13,0
91,1
77,1
35,0
69,0
78,1
9,0
78,1
41,0
80,1
99,1
74,1
96,1
91,1
71,1
54,0
6,0
68,0
50,0
95,1
50,0
82,1
36,0
70,1
85,1
3,0
48,0
45,0
43,0
38,0
72,1
71,1
74,1
1,0
41,0
57,0
88,1
49,0
75,1
99,1
100,1
12,0
8,0
85,1
7,0
83,1
98,1
61,0
21,0
93,1
83,1
42,0
66,0
18,0
12,0
97,1
85,1
90,1
42,0
79,1
29,0
74,1
60,0
15,0
34,0
92,1
1,0
63,0
59,0
14,0
78,1
26,0
63,0
33,0
20,0
91,1
26,0
93,1
75,1
99,1
4,0
98,1
45,0
38,0
2,0
78,1
79,1
91,1
77,1
82,1
31,0
80,1
88,1
34,0
45,0
23,0
74,1
0,0
91,1
99,1
70,1
20,0
74,1
3,0
96,1
1,0
62,0
54,0
76,1
57,0
6,0
94,1
45,0
37,0
84,1
85,1
40,0
82,1
81,1
72,1
83,1
94,1
94,1
98,1
62,0
76,1
86,1
87,1
18,0
91,1
87,1
71,1
75,1
52,0
41,0
53,0
60,0
54,0
94,1
80,1
82,1
6,0
70,1
89,1
64,0
86,1
41,0
89,1
93,1
59,0
86,1
75,1
62,0
66,0
32,0
82,1
67,0
95,1
80,1
82,1
35,0
86,1
37,0
94,1
54,0
47,0
76,1
20,0
6,0
62,0
90,1
72,1
77,1
43,0
1,0
79,1
82,1
70,1
93,1
80,1
85,1
96,1
56,0
59,0
100,1
88,1
95,1
95,1
3,0
0,0
34,0
4,0
77,1
49,0
43,0
39,0
76,1
30,0
33,0
68,0
6,0
74,1
92,1
98,1
35,0
13,0
87,1
11,0
75,1
73,1
94,1
23,0
23,0
92,1
75,1
13,0
11,0
35,0
63,0
10,0
84,1
9,0
77,1
81,1
94,1
38,0
47,0
86,1
76,1
60,0
89,1
77,1
71,1
71,1
1,0
65,0
16,0
95,1
90,1
62,0
78,1
67,0
100,1
36,0
52,0
68,0
86,1
89,1
77,1
4,0
73,1
18,0
48,0
74,1
28,0
43,0
8,0
4,0
58,0
80,1
62,0
2,0
86,1
15,0
60,0
77,1
78,1
79,1
77,1
59,0
1,0
50,0
84,1
10,0
28,0
19,0
2,0
23,0
88,1
48,0
70,1
82,1
1,0
29,0
95,1
88,1
6,0
93,1
3,0
83,1
48,0
71,1
34,0
2,0
93,1
0,0
87,1
57,0
77,1
70,1
62,0
32,0
26,0
43,0
31,0
80,1
94,1
87,1
99,1
72,1
78,1
72,1
81,1
71,1
53,0
21,0
56,0
0,0
66,0
23,0
5,0
64,0
43,0
80,1
63,0
40,0
76,1
82,1
75,1
34,0
81,1
10,0
24,0
21,0
71,1
19,0
23,0
72,1
83,1
32,0
79,1
79,1
18,0
54,0
85,1
97,1
97,1
50,0
61,0
67,0
23,0
85,1
23,0
99,1
91,1
89,1
51,0
70,1
96,1
18,0
61,0
6,0
36,0
83,1
76,1
76,1
72,1
88,1
35,0
77,1
23,0
32,0
76,1
81,1
49,0
1,0
45,0
34,0
7,0
76,1
91,1
63,0
91,1
95,1
96,1
97,1
77,1
44,0
94,1
63,0
23,0
2,0
85,1
77,1
8,0
9,0
91,1
98,1
26,0
94,1
82,1
4,0
94,1
37,0
65,0
54,0
90,1
72,1
82,1
55,0
30,0
95,1
61,0
71,1
9,0
78,1
61,0
58,0
61,0
52,0
26,0
38,0
95,1
88,1
38,0
71,1
30,0
92,1
88,1
72,1
100,1
42,0
81,1
60,0
84,1
75,1
47,0
18,0
32,0
76,1
3,0
54,0
59,0
21,0
98,1
47,0
99,1
92,1
83,1
44,0
57,0
84,1
90,1
73,1
6,0
99,1
78,1
99,1
71,1
24,0
64,0
66,0
46,0
72,1
8,0
83,1
63,0
96,1
72,1
5,0
91,1
57,0
71,1
82,1
82,1
38,0
74,1
96,1
86,1
97,1
73,1
77,1
19,0
95,1
55,0
21,0
44,0
32,0
71,1
75,1
54,0
100,1
94,1
80,1
49,0
34,0
81,1
65,0
9,0
98,1
15,0
47,0
96,1
72,1
94,1
67,0
4,0
35,0
66,0
76,1
83,1
52,0
91,1
92,1
82,1
6,0
21,0
61,0
65,0
31,0
89,1
53,0
83,1
81,1
9,0
44,0
76,1
88,1
84,1
10,0
4,0
93,1
63,0
85,1
95,1
10,0
73,1
73,1
52,0
16,0
94,1
91,1
16,0
21,0
18,0
85,1
80,1
61,0
75,1
33,0
15,0
66,0
78,1
70,1
56,0
61,0
17,0
0,0
94,1
35,0
79,1
73,1
85,1
81,1
71,1
20,0
70,1
93,1
73,1
4,0
92,1
46,0
37,0
70,1
18,0
6,0
11,0
54,0
11,0
29,0
99,1
69,0
76,1
63,0
1,0
72,1
95,1
28,0
17,0
85,1
71,1
79,1
43,0
86,1
46,0
86,1
96,1
34,0
77,1
73,1
68,0
71,1
68,0
84,1
56,0
82,1
85,1
89,1
82,1
47,0
46,0
79,1
94,1
100,1
65,0
8,0
30,0
45,0
19,0
37,0
69,0
6,0
86,1
72,1
43,0
49,0
85,1
56,0
17,0
40,0
70,1
97,1
83,1
0,0
42,0
48,0
20,0
59,0
96,1
12,0
35,0
93,1
100,1
85,1
55,0
88,1
79,1
82,1
35,0
9,0
97,1
99,1
65,0
63,0
70,1
48,0
24,0
67,0
84,1
77,1
82,1
24,0
33,0
83,1
25,0
73,1
99,1
97,1
42,0
83,1
15,0
92,1
73,1
35,0
3,0
97,1
86,1
13,0
58,0
82,1
21,0
47,0
95,1
70,1
24,0
41,0
100,1
25,0
44,0
68,0
82,1
77,1
73,1
86,1
73,1
83,1
42,0
9,0
73,1
92,1
13,0
91,1
96,1
86,1
74,1
79,1
99,1
62,0
10,0
83,1
80,1
82,1
81,1
59,0
68,0
98,1
37,0
0,0
79,1
61,0
91,1
69,0
78,1
17,0
20,0
59,0
9,0
87,1
90,1
13,0
93,1
64,0
97,1
61,0
100,1
67,0
22,0
66,0
73,1
99,1
88,1
98,1
87,1
93,1
78,1
61,0
7,0
20,0
29,0
46,0
76,1
87,1
43,0
96,1
98,1
75,1
93,1
88,1
81,1
70,1
80,1
51,0
39,0
19,0
50,0
69,0
93,1
9,0
8,0
80,1
58,0
55,0
43,0
81,1
90,1
46,0
46,0
55,0
90,1
96,1
15,0
25,0
38,0
94,1
88,1
12,0
16,0
85,1
61,0
62,0
84,1
95,1
57,0
99,1
72,1
67,0
99,1
47,0
92,1
13,0
76,1
92,1
74,1
44,0
98,1
70,1
75,1
78,1
100,1
59,0
89,1
14,0
6,0
97,1
20,0
97,1
4,0
92,1
85,1
27,0
34,0
93,1
97,1
87,1
84,1
88,1
73,1
99,1
5,0
60,0
54,0
42,0
21,0
94,1
66,0
45,0
28,0
53,0
92,1
2,0
72,1
70,1
21,0
94,1
37,0
47,0
98,1
93,1
26,0
81,1
52,0
73,1
84,1
31,0
12,0
35,0
93,1
72,1
5,0
82,1
85,1
19,0
11,0
98,1
88,1
72,1
81,1
34,0
40,0
18,0
47,0
84,1
63,0
10,0
86,1
42,0
13,0
99,1
33,0
84,1
68,0
72,1
40,0
53,0
78,1
18,0
61,0
85,1
81,1
89,1
63,0
87,1
87,1
97,1
26,0
95,1
83,1
0,0
60,0
41,0
95,1
37,0
23,0
81,1
53,0
89,1
87,1
76,1
18,0
51,0
69,0
13,0
14,0
99,1
80,1
44,0
70,1
5,0
22,0
82,1
73,1
82,1
95,1
99,1
0,0
41,0
85,1
70,1
2,0
83,1
78,1
49,0
30,0
75,1
100,1
72,1
58,0
56,0
79,1
32,0
75,1
79,1
49,0
79,1
29,0
87,1
71,1
3,0
83,1
77,1
72,1
70,1
29,0
84,1
25,0
43,0
78,1
22,0
72,1
69,0
85,1
96,1
38,0
75,1
5,0
90,1
5,0
25,0
45,0
78,1
62,0
35,0
88,1
98,1
93,1
36,0
98,1
14,0
74,1
35,0
41,0
86,1
58,0
81,1
90,1
39,0
80,1
44,0
99,1
93,1
80,1
89,1
63,0
82,1
64,0
46,0
57,0
74,1
70,1
9,0
72,1
83,1
35,0
35,0
88,1
91,1
79,1
9,0
37,0
12,0
2,0
29,0
42,0
98,1
59,0
65,0
72,1
29,0
93,1
93,1
74,1
72,1
14,0
81,1
38,0
94,1
78,1
82,1
77,1
8,0
82,1
91,1
19,0
61,0
93,1
62,0
78,1
76,1
68,0
43,0
38,0
58,0
100,1
61,0
87,1
50,0
83,1
87,1
85,1
73,1
41,0
70,1
98,1
83,1
91,1
7,0
46,0
71,1
53,0
87,1
93,1
37,0
72,1
29,0
47,0
11,0
27,0
97,1
67,0
85,1
93,1
75,1
93,1
92,1
59,0
93,1
49,0
34,0
47,0
82,1
1,0
7,0
57,0
93,1
100,1
0,0
85,1
16,0
56,0
66,0
84,1
24,0
91,1
90,1
85,1
87,1
89,1
96,1
78,1
77,1
22,0
77,1
33,0
98,1
47,0
49,0
2,0
51,0
42,0
75,1
24,0
87,1
31,0
38,0
99,1
38,0
99,1
100,1
16,0
87,1
21,0
85,1
40,0
73,1
71,1
0,0
71,1
81,1
95,1
34,0
73,1
39,0
21,0
86,1
15,0
47,0
71,1
21,0
100,1
76,1
36,0
84,1
83,1
79,1
70,1
69,0
85,1
87,1
62,0
85,1
49,0
97,1
54,0
91,1
74,1
66,0
63,0
18,0
90,1
72,1
18,0
17,0
83,1
93,1
47,0
81,1
84,1
38,0
83,1
97,1
73,1
100,1
42,0
70,1
73,1
1,0
93,1
49,0
39,0
55,0
3,0
93,1
84,1
71,1
78,1
0,0
70,1
90,1
89,1
89,1
85,1
48,0
51,0
22,0
91,1
10,0
2,0
3,0
70,1
74,1
37,0
26,0
67,0
90,1
77,1
56,0
51,0
71,1
97,1
78,1
99,1
85,1
100,1
88,1
34,0
17,0
72,1
98,1
80,1
97,1
31,0
86,1
86,1
77,1
12,0
66,0
45,0
70,1
62,0
70,1
96,1
39,0
8,0
56,0
16,0
16,0
73,1
33,0
2,0
94,1
7,0
40,0
97,1
94,1
66,0
9,0
7,0
78,1
84,1
66,0
19,0
51,0
66,0
72,1
81,1
16,0
13,0
8,0
96,1
86,1
97,1
93,1
6,0
85,1
15,0
31,0
52,0
71,1
72,1
32,0
68,0
69,0
42,0
2,0
75,1
29,0
16,0
96,1
63,0
93,1
85,1
75,1
14,0
91,1
31,0
67,0
94,1
95,1
52,0
27,0
47,0
97,1
100,1
96,1
78,1
89,1
76,1
40,0
66,0
90,1
55,0
99,1
10,0
89,1
74,1
83,1
72,1
17,0
99,1
91,1
4,0
92,1
7,0
32,0
74,1
16,0
21,0
28,0
46,0
72,1
23,0
87,1
49,0
97,1
79,1
80,1
10,0
7,0
36,0
76,1
74,1
52,0
28,0
17,0
98,1
60,0
76,1
78,1
35,0
14,0
2,0
8,0
56,0
92,1
72,1
75,1
87,1
30,0
89,1
40,0
28,0
74,1
97,1
65,0
38,0
17,0
1,0
35,0
0,0
98,1
91,1
78,1
47,0
59,0
87,1
76,1
30,0
26,0
96,1
9,0
52,0
20,0
28,0
73,1
39,0
67,0
36,0
57,0
96,1
70,1
87,1
100,1
88,1
90,1
78,1
39,0
42,0
90,1
58,0
52,0
69,0
38,0
2,0
96,1
77,1
36,0
96,1
66,0
71,1
19,0
98,1
4,0
23,0
32,0
18,0
45,0
71,1
61,0
78,1
84,1
16,0
94,1
75,1
77,1
76,1
56,0
53,0
67,0
0,0
36,0
46,0
78,1
81,1
94,1
82,1
56,0
68,0
84,1
20,0
27,0
58,0
82,1
46,0
6,0
74,1
85,1
75,1
69,0
88,1
99,1
23,0
28,0
28,0
8,0
19,0
49,0
80,1
76,1
29,0
30,0
96,1
31,0
44,0
67,0
5,0
95,1
13,0
83,1
97,1
28,0
77,1
60,0
47,0
95,1
74,1
83,1
88,1
84,1
66,0
81,1
86,1
36,0
36,0
5,0
96,1
25,0
45,0
60,0
38,0
43,0
91,1
7,0
2,0
57,0
95,1
34,0
79,1
3,0
86,1
14,0
6,0
62,0
88,1
31,0
90,1
31,0
96,1
39,0
40,0
86,1
45,0
34,0
57,0
64,0
81,1
18,0
22,0
61,0
91,1
41,0
43,0
36,0
82,1
90,1
25,0
41,0
33,0
84,1
90,1
74,1
17,0
70,1
33,0
90,1
22,0
49,0
51,0
91,1
91,1
55,0
73,1
0,0
7,0
